Site,Source,Date,Season,Time,Air Temp (C),cfs,cms,temp,pH,orp,spc,O18,D,D_Ex,Na,Mg,K,Ca,F,Cl,NO2,Br,NO3,Phosphate,Sulphate,Alk,BiCarb
Big,C aqifer,11/12/2017,Winter,13:00,5,0.326699943,0.009251114,,,,,-13.44418864,-97.19035536,10.36315376,2.539155064,22.33937205,1.045798909,40.2512998,0.048786554,2.112410843,0.021883037,0,0.180411644,0.010372575,3.002825211,,
Big,C aqifer,12/18/2017,Winter,9:00,0,0.319999944,0.009061391,8.5,7.48,67.6,361.1,-13.60828825,-97.40358395,11.46272207,2.461661456,22.2472626,0.881265227,45.15437904,0.047205859,1.982062333,0.016953186,,0.207889484,0,3.000422857,,
Big,C aqifer,3/16/2018,Spring,10:55,8,0.270702282,0.007665435,8.7,7.21,,315.2,-13.47322568,-96.91775239,10.86805309,,,,,,,,,,,,,
Big,C aqifer,4/7/2018,Spring,10:30,4,0.264854565,0.007499848,8.9,7.32,,210.9,-13.30734749,-97.97955005,8.479229907,2.162914683,19.64040698,0.524854067,41.32501959,0.058329515,2.052174411,0.076204262,0,0.065259693,0,3.066193534,234,285.48
Big,C aqifer,4/7/2018,Spring,10:30,4,0.264854565,0.007499848,8.9,7.32,,210.9,-13.30734749,-97.97955005,8.479229907,2.212489881,20.83995839,0.522227341,42.32114627,0.05737404,1.998730663,0.051042695,0,0.053839951,0,2.994940984,234,285.48
Big,C aqifer,4/19/2018,Spring,9:00,12,0.310999945,0.008806539,7.41,8.33,159.6,301,-14.11841903,-97.84439484,15.10295737,,,,,,,,,,,,,
Big,C aqifer,5/25/2018,Summer,11:30,20,0.232261626,0.006576918,8.91,6.77,211.4,,-12.95363826,-97.68717525,5.941930867,2.165671774,20.88135451,0.549365363,44.61381704,0.054083366,1.985711191,0,0,0,0,2.940075101,180,219.6
Big,C aqifer,6/25/2018,Summer,16:00,32,0.189102252,0.00535478,9,7.19,223.5,355,-13.30934361,-95.39963843,11.07511046,2.195856517,20.8684831,0.530833204,40.47886626,0.058183928,2.164456359,0.094532339,0,0.134357916,0,3.086069452,230,280.6
Big,C aqifer,7/12/2018,Summer,19:30,18.3,0.34222216,0.009690654,8.4,7.62,206.1,335.5,-13.72476837,-97.98358501,11.81456196,2.211636541,23.42076748,0.706377044,43.05551536,0.062116755,2.294041988,0.144836986,0,0.02758503,0,3.291834624,210,256.2
Big,C aqifer,7/12/2018,Summer,19:30,18.3,0.34222216,0.009690654,8.4,7.62,206.1,335.5,-13.72476837,-97.98358501,11.81456196,2.286482009,23.35091616,0.702915026,43.66842448,0.063479562,2.3257266,0.08931316,0,0.079277383,0,3.320780492,210,256.2
Big,C aqifer,7/13/2018,Summer,7:15,15,0.375976494,0.010646471,8.4,7.6,209.3,335.8,-13.50515133,-97.39101945,10.65019117,2.297785178,23.40609338,0.736462009,43.66521328,0.069024067,2.138195859,0,0,0,0.033188437,3.203303346,200,244
Big,C aqifer,7/14/2018,Summer,7:30,18,0.437246738,0.012381451,8.4,8.4,,350.3,-13.58420731,-97.02749851,11.64615999,2.216651013,23.70642319,0.760138729,43.18459885,0.059165673,2.122374931,0.077037478,0,0.07676624,0,3.261593095,224,273.28
Big,C aqifer,7/14/2018,Summer,7:30,18,0.437246738,0.012381451,8.4,8.4,,350.3,-13.58420731,-97.02749851,11.64615999,2.240389578,23.27290906,0.671959984,43.08126079,0.058244131,2.622399344,0.090012787,0,0.161455716,0,3.307699335,224,273.28
Big,C aqifer,8/4/2018,Autumn,17:30,26,0.239555512,0.006783458,9.4,7.57,,347.3,-13.15600886,-99.7457801,5.502290747,2.654422645,23.82869834,2.31135845,43.20406582,0.085724243,1.995648432,0,0,0.209642199,0,3.050348122,187.7,228.994
Big,C aqifer,8/5/2018,Autumn,9:45,24,0.255062454,0.007222566,,,,,-13.55120878,-98.82949732,9.580172918,,,,,,,,,,,,,
Big,C aqifer,8/31/2018,Autumn,19:45,17,0.224315932,0.006351921,8.7,7.6,,341.5,-13.51643552,-97.34169338,10.78979078,2.69634209,23.44470005,2.426061854,42.12260359,0.077678142,1.937548284,0.205531703,0,0.216167871,0,3.111331864,,
Big,C aqifer,9/1/2018,Autumn,8:00,15,0.209611073,0.005935526,8.7,7.74,211.5,361.8,-13.2433363,-97.81435429,8.132336089,2.777410708,23.22498551,2.100920843,43.1190928,0.077369361,1.918344479,0.066406659,0,0.196588986,0,3.054467692,211.5,258.03
Big,C aqifer,9/2/2018,Autumn,8:30,14,0.239555512,0.006783458,8.6,7.69,203.7,349.5,-12.96919652,-97.13539239,6.618179792,2.649659803,22.18834003,2.035165564,41.95220696,0.078556288,2.065743463,0,0.135175696,0.207270803,0,3.05892839,180,219.6
Big,C aqifer,10/7/2018,Autumn,8:30,9,0.182473925,0.005167087,8,7.85,249.7,366.12,-13.64011166,-97.61703216,11.50386111,2.707075456,23.41511004,2.256069991,40.47288914,0.078832007,1.971898791,0,0.125321671,0.203969037,0,3.027720645,208,253.76
Big,C aqifer,10/13/2018,Autumn,9:52,13,0.194950775,0.005520392,8.9,7.6,,348.2,-14.30650554,-98.05582681,Site ,2.612814514,23.36765602,2.328597683,42.47487576,0.084515852,1.971435572,0.075945169,0,0.183800859,0,3.133495935,180,219.6
Big,C aqifer,10/14/2018,Autumn,9:42,7,0.218344868,0.006182839,8,7.66,182.4,371.6,-13.96888476,-97.6702132,14.08086485,2.651029043,23.30931783,2.424343087,44.04324126,0.078179875,1.904606536,0.081403072,0.13123166,0.183952062,,3.048091736,200,244
Big,C aqifer,11/9/2018,Winter,8:30,-0.3,0.244434851,0.006921626,8.3,7.61,193.3,330.9,-13.62338177,-97.67832018,11.30873398,,,,,,,,,,,,236,
Big,C aqifer,11/12/2018,Winter,8:30,2,0.27939231,0.007911511,7.4,7.57,234.5,337,-14.03266503,-97.87096657,14.39035371,,,,,,,,,,,,,
Big,C aqifer,12/15/2018,Winter,14:00,12,0.292091961,0.008271125,,,,,-14.38179612,-98.26494193,16.78942701,,,,,,,,,,,,200,
Big,C aqifer,12/16/2018,Winter,12:22,6.7,0.345898375,0.009794753,8.3,7.7,253.7,353.7,-13.90248875,-97.72575803,13.49415194,,,,,,,,,,,,196,
Mangum,C aqifer,12/18/2017,Winter,10:20,0,0.021999996,0.000622971,4.7,7.68,65,436,-13.64254077,-98.2331155,10.90721068,4.500285182,29.89161041,1.945139818,48.41999803,0.090028851,5.482878011,0,0.033010883,0.249338059,0.05511066,13.24711211,,
Mangum,C aqifer,4/7/2018,Spring,8:30,12,0.021522566,0.000609451,7.5,8.01,NA,374,-13.35963548,-97.18088565,9.69619821,3.587035948,28.06368373,0.883586256,49.92058193,0.098200118,5.367337245,0.096715042,0,0.110056133,0.18976795,13.5418648,296,361.12
Mangum,C aqifer,4/7/2018,Spring,8:30,12,0.021522566,0.000609451,7.5,8.01,NA,374,-13.29966305,-95.66226135,10.73504303,3.732087026,27.56388453,0.861174092,49.07569876,0.087070787,5.473251236,0.2294536,0,0.021555417,0,13.77208662,296,361.12
Mangum,C aqifer,4/19/2018,Spring,9:00,15,0.043049992,0.00121904,5,7.61,208,409,-12.89730946,-94.55395611,8.624519588,,,,,,,,,,,,NA,
Mangum,C aqifer,5/25/2018,Summer,13:25,23,0.073499987,0.002081288,11.59,6.82,202.3,411,-12.86093572,-95.91365573,6.973830037,3.341412362,26.41708435,0.708419558,48.30262269,0.07477325,4.71384966,0,0,0,0,10.43170984,220,268.4
Mangum,C aqifer,6/25/2018,Summer,19:00,23,0.010145648,0.000287293,8.53,7.16,180.3,490,-12.69457994,-93.443021,8.113618529,3.840839761,31.52131766,0.613134056,64.29540564,0.10394273,5.318729208,0.045106229,0,0.027342745,0,16.29163784,,
Mangum,C aqifer,7/14/2018,Summer,10:40,18.5,0.01520616,0.000430591,8.3,7.24,NA,479.9,-12.94348896,-94.68853659,8.859375061,3.650545455,31.57217222,0.602741159,57.18959296,0.087723599,5.538826457,0.093591191,0,0.028286114,0,16.11465376,281,342.82
Mangum,C aqifer,8/4/2018,Autumn,19:15,21,0.017054294,0.000482924,9.2,7.27,NA,484.7,-13.14138478,-94.52397274,10.60710553,4.66548894,35.90675716,2.428475048,61.28168266,0.112800264,4.550295111,0,0.14139887,0.260169754,0.199933437,12.91364241,268,326.96
Mangum,C aqifer,9/1/2018,Autumn,8:30,18,,,10.2,7.5,NA,532.3,-13.11011175,-93.63486344,11.24603056,4.668632399,35.36113595,2.167232749,57.40029979,0.108646245,5.087828327,0.13624618,0.144678215,0.116610156,0,15.37243158,236,287.92
Mangum,C aqifer,10/14/2018,Autumn,7:42,5,0.015399997,0.000436079,9.1,7.29,171.1,512.2,-13.13388584,-94.16567997,10.90540674,4.566995705,33.49637452,2.394781053,56.58255839,0.111928671,5.410973453,0.07408634,0.139040884,0.147393037,0,15.36893626,264,322.08
Mangum,C aqifer,11/9/2018,Winter,16:15,0,0.01352847,0.000383084,7.2,7.34,152.5,442.1,-13.193832,-94.18522799,11.365428,,,,,,,,,,,,240,
Mangum,C aqifer,12/15/2018,Winter,11:00,2,0.013474998,0.00038157,4.8,7.5,156.1,429.2,-13.08181282,-95.57706105,9.077441537,,,,,,,,,,,,222,
Nail,C aqifer,4/7/2018,Spring,13:30,14,0.00264206,7.48E-05,9.6,7.94,,363.5,-13.29966305,-95.66226135,10.73504303,3.13734347,25.77838647,0.638424497,47.38408469,0.060794313,3.867211697,0.195028547,0,0.108145094,0,8.702574571,290,353.8
Nail,C aqifer,5/25/2018,Summer,14:15,23,,,11.59,6.82,202.3,411,-12.86093572,-95.91365573,6.973830037,3.163719486,26.42334971,0.62173095,50.25498388,0.096844231,4.995992545,0.072216611,0,0.121925287,0,10.97078679,288,351.36
Nail,C aqifer,6/26/2018,Summer,9:00,19,0.002463605,6.98E-05,10.7,7.72,243.2,395.1,-12.89475725,-95.55128815,7.606769865,,,,,,,,,,,,288,
Nail,C aqifer,8/5/2018,Autumn,9:50,15,0.002306679,6.53E-05,13.1,7.75,<205.2,402.5,-13.0842984,-95.68818732,8.986199907,4.062926148,30.20858405,2.204041592,50.8128302,0.104189093,4.906796057,0.085880731,0.138831359,0.10603184,0,15.0904477,,
Nail,C aqifer,8/31/2018,Autumn,8:00,15,0.002574853,7.29E-05,13,8.21,,444.5,-13.30162045,-95.4410332,10.97193042,4.055978458,30.21715964,2.480901739,49.98655091,0.101867656,4.507353011,0.061612129,0.159845909,0.262339649,0,10.02228142,232,283.04
Nail,C aqifer,10/14/2018,Autumn,8:46,5,0.00189236,5.36E-05,7.3,7.87,184.6,445.6,-14.31399258,-95.87621641,18.63572425,4.066785346,28.97439747,2.549104479,49.55928836,0.103295283,4.251648909,0.096399466,0.184320119,0.196975065,0,9.913208561,232,283.04
Nail,C aqifer,11/9/2018,Winter,17:45,0,0.002300835,6.52E-05,3.7,7.78,164.2,390,-13.67860552,-95.44887279,13.97997141,,,,,,,,,,,,216,
Nail,C aqifer,12/15/2018,Winter,13:12,2,,,0.9,7.87,171.5,403.3,-12.89344676,-94.99705019,8.150523868,,,,,,,,,,,,246,
Robbers Roost,C aqifer,9/24/2017,Autumn,13:00,2,0.00211884,5.99989E-05,7.02,6.93,283.7,372,-13.19996144,-92.00384575,13.59584576,,,,,,,,,,,,,
Robbers Roost,C aqifer,11/14/2017,Winter,11:00,8,0,0,4.52,7.8,283.8,583,-13.44202825,-91.54445148,15.99177448,,,,,,,,,,,,,
Robbers Roost,C aqifer,8/6/2018,Autumn,15:45,,0.000594637,1.68382E-05,,,,,-12.24477032,-84.30865248,13.64951006,1.636202704,21.31401537,2.634133036,43.42729947,0.073634908,1.683448794,0,0,0.392369221,0.288415257,5.745094984,241,294.02
Robbers Roost,C aqifer,9/2/2018,Autumn,14:00,20,0.00291584,8.25674E-05,6.8,7.36,,402.1,-12.72709269,-87.0915592,14.72518232,1.298360313,22.28187625,2.168073624,49.25012419,0.080506132,1.190706857,0,0,0.166507049,0.282920515,4.198620981,200,244
Robbers Roost,C aqifer,10/14/2018,Autumn,12:51,12,0.004623296,0.000130917,6.8,7.27,197,393.3,-13.21424459,-91.59371455,14.12024219,1.143212265,22.69604769,2.177572083,49.67355591,0.08268455,0.906034218,0.065021169,0,0.099341002,0.266165807,2.398305794,240,292.8
Robbers Roost,C aqifer,11/9/2018,Winter,12:15,0.7,0.003724259,0.000105459,5.9,7.32,104.9,378.1,-12.22093428,-88.08242623,9.685047973,,,,,,,,,,,,,
Robbers Roost,C aqifer,11/11/2018,Winter,11:18,4,0.007273472,0.000205962,6,7.17,166.4,401.2,-13.2308088,-89.29834844,16.54812198,,,,,,,,,,,,,
Robbers Roost,C aqifer,12/15/2018,Winter,13:46,6.3,0.000161163,4.56364E-06,4.9,6.89,315.6,447.5,-12.64844521,-90.7809191,10.40664259,,,,,,,,,,,,,
Castle,C aqifer,11/12/2017,Winter,13:30,8,0.00389251,0.000110224,,,,,-13.39701534,-96.52719962,10.64892314,2.458023097,22.66640432,0.839015608,40.36594936,0.074202659,2.33006599,0.009571764,0,0.150935923,0.077110887,3.833793499,,
Castle,C aqifer,12/18/2017,Winter,9:00,3,0.00394477,0.000111703,9,7.75,67.5,371.9,-13.479375,-96.90904535,10.92595464,2.515129021,23.65905813,0.903690187,40.7335328,0.068415101,2.288510076,0.020934383,0,0.110678,0.042389752,3.851276762,,
Castle,C aqifer,4/8/2018,Spring,9:00,11,0.003781365,0.000107076,8.4,7.65,,326.1,-13.168492,-96.76305339,8.584882627,2.348258824,22.97777597,0.389369412,43.67793029,0.083974558,2.310039539,0,0,0,0,3.86963415,260,317.2
Castle,C aqifer,5/25/2018,Summer,10:00,18,0.003997878,0.000113207,8.53,6.89,,251,-12.95724331,-97.49907109,6.158875382,2.304031873,22.0829811,0.536939602,44.20743259,0.064684218,2.346289499,0,0,0.062106143,0,3.899572611,220,268.4
Castle,C aqifer,6/25/2018,Summer,18:30,20,0.004254737,0.000120481,9.6,7.72,,398.8,-13.45226176,-96.53517572,11.08291834,2.2864,22.33582564,0.562413571,41.52070445,0.080729264,2.575043837,0.252315999,0,0.029670178,0,4.272582969,242,295.24
Castle,C aqifer,7/12/2018,Summer,17:30,15,0.004769753,0.000135064,9.7,7.59,,363.7,-13.27599211,-97.3177021,8.890234751,2.281400991,23.16693179,0.976599722,42.99305282,0.084216363,2.678099042,0,0,0,0,4.790406244,204,248.88
Castle,C aqifer,8/4/2018,Autumn,17:00,24,0.005141496,0.000145591,10.07,7.22,226.2,525,-14.01054306,-97.73344236,14.35090212,2.609478522,25.06276188,1.875142574,45.72234812,0.086831866,2.205005569,0,0.128562419,0.241514491,0.181261224,3.98213196,230,280.6
Castle,C aqifer,8/31/2018,Autumn,18:00,21,,,10.3,7.71,,369,-14.05107443,-98.38308952,14.02550593,3.165690555,25.2301111,2.543128518,42.95784321,0.088203836,2.144775071,0.804753273,0,0.234839017,0,3.856034689,240,292.8
Castle,C aqifer,10/6/2018,Autumn,17:45,7.5,0.005389906,0.000152625,8.7,7.63,356.5,400.5,-13.6524656,-97.34841397,11.87131082,3.082087733,24.85967346,2.449935427,45.33314226,0.093088764,2.197949329,0,0,0.159597996,0,3.953839786,212,258.64
Castle,C aqifer,10/14/2018,Autumn,10:14,8.3,0.004693638,0.000132909,9.2,7.57,191.4,394.1,-13.73071081,-99.24490348,10.60078303,2.702388649,25.139902,2.266686933,42.81322562,0.088057805,2.191005463,0.062919511,0,0.162031731,0,3.920608676,188,229.36
Castle,C aqifer,11/10/2018,Winter,10:25,6.4,0.004451891,0.000126064,6.7,7.25,272.5,386,-12.8991259,-96.6797819,6.513225287,,,,,,,,,,,,,
Castle,C aqifer,12/15/2018,Winter,13:30,15,0.001533184,4.34E-05,9.9,7.35,180.6,385.6,-13.46721407,-97.92709168,9.810620893,,,,,,,,,,,,,
North Canyon,C aqifer,11/11/2017,Winter,10:00,10,0.013474998,0.00038157,,,,,-13.59436338,-96.78613345,11.9687736,1.346630242,21.81355623,0.246098546,36.72081599,0.058902355,1.009287374,0.00726285,0,0.053495201,0.050405693,1.985118471,,
North Canyon,C aqifer,12/19/2017,Winter,10:00,0,,,4,8.15,76.5,343,-13.52338172,-97.12577944,11.06127431,1.157637131,24.03749161,0.573313691,42.550716,0.052428879,0.981709405,0,0,0.139596767,0.037517644,2.0290962,,
North Canyon,C aqifer,6/28/2018,Summer,10:40,21,0.007026628,0.000198972,6.33,7.78,190.9,336,-13.42491748,-96.80623733,10.59310247,0.927612406,19.46595626,0.17281002,37.25224299,0.065970438,1.049305854,0,0,0,0,2.241162318,,
North Canyon,C aqifer,8/6/2018,Autumn,15:04,23,,,,,,,-14.35826587,-98.1391909,16.72693605,2.278322895,24.35530315,2.323310894,39.69519931,0.07503497,0.926366267,0,0,0.058189403,0,2.085406015,210,256.2
North Canyon,C aqifer,9/1/2018,Autumn,14:00,22,0.025447532,0.000720594,6.7,8.32,,350.8,-13.19913744,-96.76571604,8.827383486,1.702770918,24.63503986,2.060332868,45.98066002,0.083406271,1.278427652,0,0,0.130676894,0.201732139,1.888862087,208,253.76
North Canyon,C aqifer,9/2/2018,Autumn,10:30,,,,,,,,-13.96066198,-96.2253549,15.45994096,1.672429164,23.97707677,1.876365305,40.36409944,0.071756461,0.963150524,0,0,0.11117047,0.170684702,2.089525585,200,244
North Canyon,C aqifer,10/6/2018,Autumn,13:00,8,0.291889464,0.008265391,5.6,8.74,176.4,349.9,-13.79923238,-97.14525561,13.24860343,1.404461296,24.22001792,1.485168053,39.43100053,0.07778117,1.036387751,0,0,0,0,2.124210195,,
North Canyon,C aqifer,10/14/2018,Autumn,12:00,4.3,0.117104145,0.003316021,5,8.35,172.2,341.7,-14.56586185,-97.66497401,18.86192077,1.404461296,24.22001792,1.485168053,39.43100053,0.073084072,0.987677373,0,0,0,0,2.121296602,198,241.56
North Canyon,C aqifer,11/11/2018,Winter,10:00,-5,0.101062482,0.002861771,3.9,8.37,207.6,317.4,-14.00239191,-97.45396958,14.56516568,,,,,,,,,,,,,
North Canyon,C aqifer,12/16/2018,Winter,14:08,1,0.100260398,0.002839059,2.8,8.45,184.2,315.5,-13.80141028,-97.17015079,13.24113142,,,,,,,,,,,,,
Quaking Aspen,C aqifer,5/24/2018,Summer,11:30,23,0.00474813,0.000134452,9.01,6.91,202.7,465,-13.58035675,-93.5696019,15.07325206,1.307677062,23.59262809,0.357096429,66.01850562,0.056668029,0.798092047,0,0,0,0.17728067,1.595012367,230,280.6
Quaking Aspen,C aqifer,6/26/2018,Summer,15:10,26,,,9.6,7.27,182.8,443.8,-12.98501788,-93.16294822,10.71719482,1.18284113,24.71381254,0.297201259,64.47603563,0.086903722,1.051857986,0,0,0,0,2.224504348,326,397.72
Quaking Aspen,C aqifer,7/13/2018,Summer,17:50,16,0.003884613,0.00011,9.4,7.8,,455.3,-13.1917912,-92.67366118,12.86066842,1.201227083,25.41565198,0.390651161,67.47606427,0.07835287,1.012190407,0,0,0,0.663658205,2.363566942,312,380.64
Quaking Aspen,C aqifer,8/5/2018,Autumn,14:15,23,0.007062932,0.0002,10.48,7.06,228.5,619,-12.65764853,-93.05992199,8.201266272,1.897166729,28.37807368,2.037455439,70.94065602,0.095065043,0.969462923,0.068869668,0,0.171487104,0.448152921,2.166271568,284,346.48
Quaking Aspen,C aqifer,9/1/2018,Autumn,16:50,21,0.001917883,5.43E-05,9.6,7.36,164.1,473.3,-13.07992908,-93.58936838,11.05006424,1.667605223,27.97567452,1.731530307,65.03576499,0.098186977,0.91880023,0.067223001,0,0.191212832,0.409953641,2.127367686,288,351.36
Quaking Aspen,C aqifer,10/13/2018,Autumn,16:00,14,0.000523119,1.48E-05,8.8,7.2,199.2,469.4,-12.81036778,-92.77918217,9.703760062,1.675701124,28.11163884,2.174250938,66.36375397,0.102032591,0.910641933,0.065722209,0,0.163624635,0.409383738,2.110932418,276,336.72
Quaking Aspen,C aqifer,11/11/2018,Winter,13:03,9,0.00028104,7.96E-06,5.3,7.44,185.2,433.3,-12.84155121,-92.36583986,10.36656979,,,,,,,,,,,,,
Watts,C aqifer,5/24/2018,Summer,12:00,20,0.001933712,5.48E-05,8.5,6.91,196.3,495,-12.83769133,-93.72529855,8.976232114,1.457068132,24.15152328,0.298305165,69.50049923,0.071105555,1.09353353,0,0,0,0,2.938377843,280,341.6
Watts,C aqifer,6/26/2018,Summer,10:30,23,0.001970884,5.58E-05,8.59,6.74,228.4,516,-12.87581318,-93.16137356,9.845131912,1.377298039,24.99750957,0.312843412,72.23280365,0.084880759,1.206968375,0,0,0,0,2.570083087,330,402.6
Watts,C aqifer,7/13/2018,Summer,18:30,15.5,0.001702975,4.82E-05,8.4,7.55,NA,350.3,-13.06398808,-92.56065441,11.95125024,1.322144434,28.00710854,0.536434976,132.7973232,0.07432495,1.264318758,0,0,0,0,2.621232623,224,273.28
Watts,C aqifer,8/5/2018,Autumn,15:45,25,0.001501846,4.25E-05,8.96,7.11,246.7,661,-13.72265802,-93.48923348,16.29203069,1.929059161,28.52145899,1.650633232,75.11895239,0.099491016,1.029044914,0.069381327,0,0.184796164,0.449665794,2.502918942,280,341.6
Watts,C aqifer,9/1/2018,Autumn,17:50,16,0.001245757,3.53E-05,8.4,7.44,134.6,505.9,-13.0711347,-92.5684264,12.00065122,2.035614252,30.57477908,2.550967506,76.01039061,0.099506003,1.067948915,0.265171835,0.156914486,0.185475411,0.46175782,2.464201774,308,375.76
Watts,C aqifer,10/13/2018,Autumn,15:10,12,0.001496123,4.24E-05,9,7.56,188,502.3,-13.83973029,-92.44054282,18.27729949,1.774290443,28.14154667,1.707865912,70.92112324,0.097170332,1.021023659,0,0.148334981,0,0.417469784,2.423111214,304,370.88
Watts,C aqifer,11/10/2018,Winter,12:30,5,0.001403362,3.97E-05,8.7,7.76,181.1,461.9,-12.81935045,-92.2163569,10.33844671,,,,,,,,,,,,,
Lower Two,C aqifer,6/26/2018,Summer,12:20,29,0.001064316,3.01E-05,6.48,6.45,239.5,480,-13.04337835,-92.15008847,12.19693831,1.299540653,22.63035298,0.382970692,65.53829977,0.086573902,1.358012609,0,0,0,0.13649546,2.489986922,270,329.4
Lower Two,C aqifer,8/5/2018,Autumn,11:40,24,0.000966039,2.74E-05,6.7,7.86,221,595,-12.43046872,-90.9114419,8.532307856,1.704025298,25.6652962,1.87413142,68.0639193,0.095617461,1.110799728,0,0,0.215337057,0.365040903,2.335977481,305,372.1
Lower Two,C aqifer,11/10/2018,Winter,14:36,6,0.001455787,4.12E-05,4.6,8.03,179.7,419,-13.81437455,-92.59734833,17.91764805,,,,,,,,,,,,,
Timp,C aqifer,5/24/2018,Summer,14:00,22,0.003457428,9.79E-05,6.27,6.8,205.2,481,-12.8808478,-92.61068376,10.43609861,1.340754975,30.58140516,0.32730195,58.30454827,0.082716006,1.20501542,0,0,0,0.462398732,2.534066701,290,353.8
Timp,C aqifer,6/26/2018,Summer,15:10,26,0.003187355,9.03E-05,9.6,7.27,182.8,443.8,-12.93115882,-92.93399719,10.51527335,1.277830723,30.54943006,0.390337354,58.23422503,0.0937855,1.372175673,0,0,0,0,2.795053865,326,397.72
Timp,C aqifer,7/13/2018,Summer,16:30,18,0.003039376,8.61E-05,6.6,7.31,,457.2,-13.28144984,-92.55460748,13.69699126,1.203672618,34.77878084,0.201188718,59.47674823,0.076687063,1.338112782,0,0,0,0,2.926876836,276,336.72
Timp,C aqifer,8/6/2018,Autumn,,,,,,,,,-13.51844695,-93.22742255,14.92015302,1.835483897,36.93090071,1.991699379,61.77791481,0.095893256,1.208411629,0,0,0.285352194,0.425832452,2.673366437,,
Timp,C aqifer,9/1/2018,Autumn,14:45,19,0.003688876,0.000104457,7.4,7.41,,488,-13.36734916,-93.18343543,13.75535786,1.879523255,36.2431949,1.872772848,59.81941946,0.094816888,1.173864258,0.126787454,0,0.272054398,0.40105877,2.662210409,313,381.86
Timp,C aqifer,10/13/2018,Autumn,14:15,13,0.003134794,8.88E-05,7.21,7.21,173.2,482.1,-13.12583615,-93.04787086,11.95881831,1.770296275,35.68375812,1.986033668,60.35001578,0.096751142,1.157135464,0.068130057,0,0.245583122,0.40545053,2.643153566,288,351.36
Timp,C aqifer,11/10/2018,Winter,15:40,8,0.003012467,8.53E-05,6.6,7.08,136.5,504.7,-13.82133113,-93.03523594,17.53541311,,,,,,,,,,,,,
Parissawampitts,C aqifer,5/25/2018,Summer,9:00,20,0.000662652,1.88E-05,8.15,6.78,215,487,-13.14234757,-90.91744075,14.22133984,1.562847743,29.01632519,0.43178678,65.40219457,0.095635687,1.371479929,0,0,0,0.325527499,2.581061375,260,317.2
Parissawampitts,C aqifer,6/26/2018,Summer,10:50,23,0.000589166,1.67E-05,6.6,7.21,245,495.1,-12.83332014,-92.57426289,10.0922982,1.579952083,32.95893124,0.421320556,66.25847149,0.105389952,1.634432757,0.043760953,0,0.121050372,0.141436318,2.888826183,330,402.6
Parissawampitts,C aqifer,7/13/2018,Summer,11:30,18,0.000476816,1.35E-05,8.9,7.54,,480,-12.96951613,-93.84341822,9.912710778,1.502973177,36.55935961,0.245089057,74.00122466,0.100197257,1.716354906,0,0,0,0,2.964091938,320,390.4
Parissawampitts,C aqifer,8/5/2018,Autumn,11:57,29,0.000615064,1.74E-05,7.4,7.34,,514.1,-13.6274086,-93.59889747,15.42037132,1.92944532,38.310301,1.773566089,65.33766949,0.111348914,1.367616943,1.232399723,0.178201714,0.183746338,0.42811601,2.691316345,318,387.96
Parissawampitts,C aqifer,9/1/2018,Autumn,10:20,16,0.000518112,1.47E-05,6.1,7.4,147.2,524.3,-13.32889975,-92.19887929,14.43231872,2.117679954,36.98257954,2.236685351,66.57841292,0.110003529,1.393115957,0,0.173144142,0.028995406,0.436271321,2.627670489,344,419.68
Parissawampitts,C aqifer,10/13/2018,Autumn,11:21,17,0.001491056,4.22E-05,6,7.22,,394.3,-12.43141764,-87.57121368,11.88012747,2.096449776,22.25671875,2.379268737,51.10526742,0.097475875,1.344941711,0,0,0.279933581,0.547316038,2.321524874,200,244
Parissawampitts,C aqifer,11/11/2018,Winter,11:30,6,0.000544517,1.54E-05,3.8,7.07,76.9,475.1,-13.30706581,-92.16959198,14.28693447,,,,,,,,,,,,,
Squaw,C aqifer,5/24/2018,Summer,17:30,15,0.001960032,5.55E-05,7.62,6.77,196.3,541,-13.53063216,-94.99448448,13.25057279,1.31213501,32.65213156,0.331539457,65.85015014,0.103491608,1.084492757,0,0,0,0.25618479,2.403093595,280,341.6
Squaw,C aqifer,6/26/2018,Summer,12:45,23,0.001208113,3.42E-05,7.8,7.15,119.3,513.8,-13.02904453,-93.68968994,10.54266628,1.307411067,34.12763873,0.224555336,70.29096118,0.106753433,1.198222027,0.111352634,0,0.038412541,0,2.676416595,305,372.1
Squaw,C aqifer,7/13/2018,Summer,13:30,18,0.001173618,3.32E-05,7.8,7.2,197.7,509.5,-13.30614829,-93.47417851,12.9750078,1.425412379,37.08966791,1.197454626,74.30458419,0.103974262,1.225607091,0,0,0,0,2.526274829,315,384.3
Squaw,C aqifer,8/5/2018,Autumn,14:20,23,0.00095791,0.000027125,8.63,7.6,,512.1,-12.81347377,-94.0060806,8.501709572,2.120904304,37.73445428,1.998453963,70.50411424,0.124592189,1.335473529,0,0,0.032993865,0.339313729,2.56365516,352,429.44
Squaw,C aqifer,9/1/2018,Autumn,11:40,8.5,0.000741608,0.000021,8.5,7.96,,532,-12.80028068,-93.07543741,9.32680802,2.066544475,38.54946054,2.400723483,67.41900329,0.128344415,1.16690073,0,0.190688569,0.210775834,0.344497654,2.513230227,323,394.06
Squaw,C aqifer,10/13/2018,Autumn,12:40,16,0.000941985,2.67E-05,8.8,7.1,,541.4,-14.02575471,-93.74071996,18.46531773,1.873064465,36.96900861,2.004850503,64.47134149,0.126270606,1.120553197,0,0.21526229,0.075966542,0.354790979,2.597059965,316,385.52
Squaw,C aqifer,11/10/2018,Winter,14:20,7,0.00115181,3.26E-05,6.3,6.92,,577.6,-13.49791101,-93.09643397,14.88685413,,,,,,,,,,,,,
Oquer,C aqifer,6/24/2018,Summer,12:30,25,,,11.6,7.68,193.5,244.8,-12.81670906,-91.14481043,11.38886203,1.063871551,4.690294632,0.922961412,35.34636462,0.055584999,0.685365954,0,0,0.092541284,0.784940779,1.60088746,136,165.92
Oquer,C aqifer,7/12/2018,Summer,15:02,20,,,10.9,7.5,183.4,263.1,-12.46165084,-89.66974641,10.02346031,1.335808342,5.133890268,1.904025323,41.3637294,0.069805133,2.047848424,0.121376347,0,0.750668276,0.470886646,2.158627523,166,202.52
Oquer,C aqifer,8/4/2018,Autumn,16:00,22,,,13.01,7.31,209.9,312,-12.32576608,-81.71401741,16.89211124,1.688551238,4.541611311,3.796474552,33.33714824,0.072490156,1.05202569,0,0,0.467378739,0.882335689,1.781390717,148,180.56
Oquer,C aqifer,11/11/2018,Winter,11:00,3,,,3.5,7.48,211.7,252.4,-12.73150598,-89.94122229,11.91082553,,,,,,,,,,,,,
Oak,C aqifer,6/24/2018,Summer,14:50,26,0.000614818,1.74E-05,8.8,7.35,133.6,443.9,-12.89155218,-94.77214963,8.360267821,6.009105583,31.41564996,2.113755733,51.22858703,0.19285046,10.35171152,0.193149566,0.149437283,0.635057548,0,67.49152749,238,290.36
Oak,C aqifer,7/14/2018,Summer,12:32,17,0.000678041,0.0000192,9.8,7.36,,468.8,-12.83047981,-94.18816432,8.455674128,7.159194159,33.67431817,2.877215597,50.46109151,0.1796975,10.84974896,0,0.108799462,0.670741209,0,70.65157965,216,263.52
Oak,C aqifer,8/4/2018,Autumn,15:30,31,0.000364212,1.03E-05,10,7.32,135.4,479.2,-13.41135615,-94.77704614,12.51380303,7.32720126,34.46274765,4.059536943,52.54300688,0.410184342,10.37058314,0,0.881644269,0.728662116,0,65.46724554,200,244
Oak,C aqifer,8/31/2018,Autumn,17:45,18,0.000231387,6.55E-06,9.9,7.07,,460.4,-13.15799622,-95.05790546,10.20606428,8.744898997,32.52656534,4.142402123,50.62632271,0.394561021,11.45478633,0.077671414,0.850553758,1.547819466,0,64.8218914,220,268.4
Oak,C aqifer,10/13/2018,Autumn,17:15,9.3,0.000470123,1.33E-05,9.3,7.32,257,497.2,-13.31297936,-94.61183978,11.89199509,7.260196021,34.98979411,4.168906631,50.15459887,0.401848624,10.09526824,0,0.805346963,0.741133641,0,64.88381497,180,219.6
Oak,C aqifer,11/11/2018,Winter,16:50,7.7,0.000802398,2.27E-05,7.7,7.15,173.5,474.8,-13.64238936,-95.39248537,13.7466295,,,,,,,,,,,,,
Oak,C aqifer,12/17/2018,Winter,13:00,7,0.000553835,1.57E-05,7.6,6.29,211.8,517.1,-12.79011103,-94.70823165,7.61265661,,,,,,,,,,,,,
Riggs Tank,C aqifer,6/24/2018,Summer,17:03,22,0.015930263,0.000451095,10.5,7.66,183.6,393.9,-13.46432676,-96.95295522,10.76165889,2.072216302,18.14428628,0.362885726,45.55756625,0.093704282,2.593813817,0,0,0,0,8.742622041,244,297.68
Riggs Tank,C aqifer,7/12/2018,Summer,16:30,28.5,0.015930263,0.000451095,10.1,7.67,159.7,349.8,-13.40897495,-96.45835435,10.81344524,2.208784028,18.91828472,0.482366736,47.45901574,0.084348674,2.61372544,0.130214711,0,0.027293671,0,8.620625169,244,297.68
Riggs Tank,C aqifer,8/4/2018,Autumn,17:00,23,0.017378469,0.000492104,10.07,7.22,226.2,525,-13.95933907,-97.42754634,14.24716622,2.092394726,18.24403284,0.379310965,46.07691134,0.076143752,2.139715698,0,0,0,0,7.278350842,204,248.88
Riggs Tank,C aqifer,8/31/2018,Autumn,18:45,18,0.017378469,0.000492104,10.1,7.77,,360.4,-14.07167133,-97.38611188,15.1872588,2.601608728,22.28526763,1.925232389,48.65848504,0.097792942,2.35239065,0.065373684,0,0.156440634,0.255379735,7.886904854,230,280.6
Riggs Tank,C aqifer,10/14/2018,Autumn,8:20,5.9,0.02005208,0.000567812,7.2,7.24,213.2,374.8,-12.87699955,-96.43977159,6.576224776,4.101880789,21.47753922,2.989793369,45.05200823,0.098512328,2.352323847,0,0,0.094168945,0,8.149674025,200,244
Riggs Tank,C aqifer,11/11/2018,Winter,10:30,5,0.02005208,0.000567812,7,7.69,169.1,331.2,-13.37855246,-96.65695546,10.37146426,2.740912973,22.14332806,2.075490102,51.40098426,0.099437544,2.25347237,0,0.124503696,0.165797021,0.191625129,8.229337226,210,256.2
Riggs Tank,C aqifer,12/15/2018,Winter,13:00,12,0.016242185,0.000459928,6.7,7.61,180.7,344.4,-13.02117338,-97.09815898,7.071228039,,,,,,,,,,,,,
Bright Angel,C aqifer,11/12/2017,Winter,15:00,6,,,,,,,-13.39302552,-94.70044328,12.44376084,,,,,,,,,,,,,
Bright Angel,C aqifer,6/27/2018,Summer,14:40,23,,,7.8,7.66,187.2,446,-12.77327906,-91.84074692,10.34548552,2.097557817,32.53390638,0.435267866,55.06664895,0.052079805,1.774127694,0,0,0,0.094897472,1.588510258,242,295.24
Bright Angel,C aqifer,7/12/2018,Summer,16:00,,,,8.6,,,447,-13.32906155,-94.80030835,11.83218403,1.705808937,32.17287346,0.084275084,55.32140533,0.058327855,1.52828651,0,0,0,0,1.812262302,290,353.8
Bright Angel,C aqifer,11/11/2018,Winter,15:20,9,,,5.9,8.45,180.1,423.1,-14.18673469,-95.13600967,18.35786781,,,,,,,,,,,,,
Lower Thompson,C aqifer,6/27/2018,Summer,16:50,22,0.000621208,1.76E-05,9,7.46,,181.9,-12.58216688,-90.20236833,-14.70936707,1.132901976,17.04456126,0.446016364,41.55530888,0.048434546,0.990871313,0,0,0,0,1.998424738,144,175.68
Lower Thompson,C aqifer,7/12/2018,Summer,17:00,,0.000359911,1.02E-05,9.8,,,303,-12.93266418,-91.83389214,-14.23790706,0.991569653,16.7095996,0.310178196,41.77849292,0.067657358,1.402903336,0,0,0,0,2.457520385,195,237.9
Lower Thompson,C aqifer,8/6/2018,Autumn,13:00,22,0.000439693,1.25E-05,,,,,-13.64747039,-93.30202042,-11.4171981,1.289365863,21.19463638,1.873675536,44.12937494,0.072256612,0.886289306,0,0,0.027242394,0.222993026,2.326740502,,
Lower Thompson,C aqifer,9/2/2018,Autumn,11:00,19,0,0,10.9,7.54,,339,-12.15617114,-87.91870572,-14.98167888,1.842135372,21.86861102,3.01047506,42.95480697,0.078405361,1.325161406,0,0,0.383598493,0.212365651,2.371283208,236,287.92
Lower Thompson,C aqifer,10/12/2018,Autumn,17:45,11,0,0,7.7,7.45,,397,-13.49733041,-92.62176153,-11.63777908,1.854687511,21.13758805,2.428654707,45.12620465,0.069718501,1.208794275,0,0,0,0,2.216740502,172,209.84
Lower Thompson,C aqifer,11/11/2018,Winter,13:38,2,0.000756295,2.14E-05,5.5,7.23,,316.7,-12.86596355,-92.42090706,-15.22512575,,,,,,,,,,,,,
Lower Thompson,C aqifer,12/15/2018,Winter,10:50,3.8,0.00043318,1.23E-05,4.1,7.01,,380.9,-12.9834798,-92.48383136,-14.58295257,,,,,,,,,,,,,
Upper Thompson,C aqifer,6/27/2018,Summer,17:40,20,0.000159886,4.53E-06,14.8,7.82,126.4,196.4,-12.96239288,-93.84885997,-16.07450268,1.132901976,17.04456126,0.446016364,41.55530888,0.048434546,0.990871313,0,0,0,0,1.998424738,144,175.68
Upper Thompson,C aqifer,7/12/2018,Summer,15:05,,0.000144091,4.08E-06,14.1,,,360,-13.19542542,-95.34653144,-16.17397892,0.991569653,16.7095996,0.310178196,41.77849292,0.067657358,1.402903336,0,0,0,0,2.457520385,195,237.9
Upper Thompson,C aqifer,8/6/2018,Autumn,13:00,,3.76E-05,1.07E-06,,,,,-12.29387189,-90.70063351,-16.93740214,1.289365863,21.19463638,1.873675536,44.12937494,0.072256612,0.886289306,0,0,0.027242394,0.222993026,2.326740502,,
Upper Thompson,C aqifer,9/2/2018,Autumn,10:30,18,0.000611501,1.73E-05,13.2,7.54,134.2,396.8,-13.15006967,-95.76196587,-16.86154787,1.842135372,21.86861102,3.01047506,42.95480697,0.078405361,1.325161406,0,0,0.383598493,0.212365651,2.371283208,236,287.92
Upper Thompson,C aqifer,10/12/2018,Autumn,17:30,9,0.001180994,3.34E-05,8.7,7.43,,476.7,-12.92030032,-93.92952427,-16.40772237,1.854687511,21.13758805,2.428654707,45.12620465,0.069718501,1.208794275,0,0,0,0,2.216740502,172,209.84
Upper Thompson,C aqifer,11/11/2018,Winter,13:00,7,0.00015397,4.36E-06,6.3,7.45,176.6,396.6,-13.94321598,-95.75103712,-12.09174124,,,,,,,,,,,,,
Upper Thompson,C aqifer,12/15/2018,Winter,11:36,3.7,0.000120985,3.43E-06,5.3,7.07,284.7,476.6,-12.94229367,-94.77818643,-17.12442443,,,,,,,,,,,,,
